user_id,campaign_id
U1240,C005
U2551,C008
U3372,C004
U4130,C008
U1559,C010
U2902,C012
U2817,C001
U4696,C005
U4701,C001
U4173,C007
U4189,C006
U3762,C011
U3811,C003
U3614,C004
U1190,C005
U2439,C008
U2484,C009
U4745,C003
U2326,C011
U1805,C008
U4361,C011
U2208,C005
U3793,C006
U2421,C004
U4451,C006
U0819,C006
U2691,C012
U1235,C012
U0068,C005
U2055,C003
U2093,C006
U3126,C003
U2479,C012
U2687,C003
U3559,C011
U3480,C001
U4119,C005
U3781,C006
U2353,C007
U1889,C012
U2130,C010
U1929,C012
U4392,C009
U3508,C010
U2511,C007
U4272,C012
U3535,C007
U3263,C001
U1695,C003
U1891,C004
U3695,C007
U4492,C007
U0057,C003
U3517,C004
U3257,C005
U3568,C005
U1453,C012
U4965,C005
U4664,C009
U4192,C012
U2476,C005
U4949,C010
U3743,C007
U3939,C001
U3471,C008
U0293,C010
U0328,C007
U0321,C006
U0318,C006
U0575,C011
U0001,C005
U1614,C009
U0681,C011
U4457,C006
U4463,C003
U4588,C011
U2583,C003
U0889,C005
U1251,C003
U4094,C010
U2462,C003
U2780,C001
U4267,C005
U2884,C011
U2808,C002
U3458,C004
U3519,C005
U0315,C005
U2838,C007
U3618,C004
U3118,C006
U4228,C004
U3631,C011
U3052,C010
U3842,C006
U1201,C011
U1266,C011
U1593,C011
U2696,C004
U0098,C004
U1877,C002
U4036,C011
U3819,C004
U2044,C006
U0152,C004
U1497,C008
U3594,C007
U1623,C002
U4369,C002
U4861,C008
U2033,C002
U4024,C003
U1956,C009
U2952,C004
U3549,C006
U3675,C004
U0306,C012
U4891,C008
U4828,C009
U2596,C007
U2945,C004
U4171,C002
U0745,C007
U3108,C012
U1263,C002
U0383,C011
U0368,C011
U3363,C009
U0959,C010
U3066,C005
U0044,C011
U1328,C011
U4314,C010
U3392,C009
U3366,C010
U4454,C012
U2060,C001
U1039,C004
U2442,C012
U0542,C008
U2218,C007
U2301,C007
U1057,C012
U3691,C004
U3323,C006
U1893,C002
U3261,C012
U2483,C004
U3230,C012
U1743,C012
U4409,C005
U2025,C005
U0854,C011
U3024,C011
U0234,C006
U1681,C011
U3113,C012
U0160,C004
U2855,C012
U0896,C008
U2134,C012
U4839,C012
U0592,C009
U0950,C009
U1178,C009
U1040,C008
U3710,C002
U2763,C003
U4011,C010
U1949,C010
U4824,C009
U0726,C003
U2907,C012
U2428,C002
U4504,C006
U4282,C002
U2883,C001
U4330,C001
U3413,C004
U0713,C007
U4596,C007
U0075,C011
U4532,C010
U3377,C012
U4955,C007
U1596,C004
U4826,C001
U0678,C003
U3643,C011
U1082,C001
U1821,C008
U2508,C008
U3255,C002
U2777,C012
U0296,C009
U2658,C012
U4061,C011
U2098,C008
U3780,C004
U0800,C012
U0477,C009
U1583,C012
U1515,C007
U2606,C004
U1349,C002
U1622,C008
U4875,C005
U3384,C012
U2776,C010
U0765,C008
U1242,C003
U0364,C007
U4028,C007
U0840,C001
U0596,C005
U1323,C012
U1780,C004
U1297,C006
U0706,C008
U4712,C010
U4461,C008
U4414,C009
U3707,C008
U0335,C004
U3973,C009
U0431,C006
U0522,C005
U4187,C010
U2603,C011
U2662,C001
U0536,C006
U1391,C010
U1142,C005
U2565,C005
U4281,C008
U2120,C009
U1592,C007
U4575,C011
U2302,C008
U3005,C007
U2515,C009
U4894,C007
U1735,C008
U2445,C009
U3885,C011
U0673,C001
U0343,C010
U4812,C004
U3584,C006
U3976,C006
U2507,C004
U0012,C006
U4076,C004
U1779,C010
U0921,C011
U1168,C012
U0288,C011
U2822,C012
U1204,C005
U2409,C001
U1131,C001
U3405,C011
U3302,C002
U4057,C007
U1358,C011
U0337,C002
U1063,C002
U0294,C006
U3759,C011
U4804,C010
U3731,C010
U1265,C005
U4169,C004
U4723,C011
U3116,C005
U4967,C005
U1964,C012
U0752,C011
U3719,C005
U2868,C004
U3220,C010
U1021,C011
U4720,C009
U3521,C001
U0369,C012
U3753,C011
U1463,C011
U2320,C003
U0804,C001
U2890,C006
U3648,C011
U4662,C001
U0786,C011
U1507,C010
U2996,C010
U0485,C009
U3592,C002
U2077,C008
U2899,C001
U3011,C001
U1638,C011
U2064,C008
U2173,C006
U1257,C007
U2073,C010
U2848,C002
U2721,C010
U1448,C002
U0877,C010
U2981,C004
U4413,C001
U2913,C009
U0958,C010
U1390,C004
U3796,C005
U1239,C009
U1642,C004
U2095,C012
U1800,C003
U1435,C006
U0125,C002
U2815,C004
U3844,C004
U2823,C009
U0984,C004
U0283,C003
U0494,C007
U3375,C008
U1332,C006
U3074,C010
U2669,C001
U2685,C001
U1409,C003
U0025,C009
U4098,C012
U1329,C007
U4332,C010
U1414,C007
U3748,C007
U2230,C011
U2262,C004
U3253,C002
U4966,C005
U0478,C011
U3905,C002
U2522,C009
U1412,C011
U2389,C007
U2350,C011
U1092,C006
U4336,C011
U3950,C005
U0139,C001
U0255,C002
U2386,C011
U3191,C012
U1861,C002
U2801,C009
U1746,C005
U0974,C009
U1133,C001
U3028,C012
U1610,C007
U0891,C006
U0755,C003
U4562,C010
U1196,C006
U1277,C012
U4180,C003
U2926,C005
U0865,C008
U2880,C012
U2385,C003
U0672,C004
U4270,C007
U4915,C001
U4565,C001
U1353,C010
U4858,C008
U2373,C003
U1827,C004
U0010,C006
U0252,C003
U0218,C008
U1258,C004
U3802,C007
U1210,C002
U4203,C005
U2661,C004
U3354,C002
U0073,C007
U4376,C007
U0815,C007
U1725,C008
U4154,C001
U2004,C012
U1613,C001
U4045,C002
U3379,C001
U0621,C002
U1683,C004
U3086,C001
U2949,C005
U4139,C006
U1115,C010
U1379,C012
U4004,C010
U1762,C005
U3182,C007
U0471,C010
U2681,C009
U1295,C006
U0447,C011
U2520,C007
U0244,C004
U0019,C010
U3368,C006
U2705,C001
U1097,C002
U4064,C005
U2340,C004
U4972,C003
U0029,C009
U2191,C005
U0270,C003
U1173,C010
U4584,C002
U3979,C008
U4437,C001
U0961,C012
U4460,C002
U0129,C009
U4912,C004
U2594,C006
U0615,C002
U4429,C008
U2592,C004
U2149,C007
U0763,C010
U3875,C007
U0289,C004
U3621,C010
U0898,C011
U2795,C010
U0115,C002
U3977,C012
U3840,C009
U3754,C012
U0376,C007
U0515,C009
U4039,C002
U4287,C003
U1004,C012
U1648,C001
U1310,C011
U4715,C001
U1383,C011
U3718,C008
U0665,C009
U3503,C012
U4296,C004
U3882,C003
U3880,C005
U2242,C011
U1184,C006
U2762,C004
U2502,C004
U0317,C012
U0155,C008
U1733,C010
U1139,C004
U1411,C009
U2966,C012
U2125,C011
U0038,C011
U4177,C009
U2081,C007
U3063,C001
U1966,C002
U4772,C008
U1318,C001
U4690,C008
U4833,C003
U4848,C011
U0033,C012
U0809,C012
U2400,C010
U4512,C002
U0991,C006
U4811,C012
U4936,C003
U1428,C012
U0999,C010
U4934,C002
U0680,C008
U2362,C009
U1352,C005
U3243,C007
U4528,C001
U4702,C006
U4869,C007
U4353,C010
U2433,C009
U0046,C009
U0162,C003
U1301,C006
U0237,C004
U1586,C003
U4797,C005
U1644,C009
U3509,C006
U0883,C007
U3526,C009
U3291,C004
U2660,C004
U1650,C007
U0378,C005
U2454,C004
U3212,C012
U4990,C008
U3567,C004
U1846,C004
U3563,C005
U2407,C005
U0724,C007
U4893,C006
U1721,C004
U3423,C002
U1516,C010
U2227,C009
U4121,C007
U4852,C011
U2765,C011
U1863,C012
U0738,C010
U0221,C010
U2877,C002
U3803,C010
U2070,C011
U1381,C009
U4659,C002
U2572,C002
U0919,C009
U1538,C006
U3248,C001
U3552,C002
U3700,C011
U1172,C004
U4401,C011
U4533,C010
U0482,C012
U0094,C009
U2124,C007
U1926,C005
U2694,C005
U2531,C003
U3140,C011
U3331,C003
U3624,C009
U1716,C008
U3178,C003
U1403,C005
U2844,C002
U4794,C004
U2097,C008
U2229,C004
U3642,C003
U0175,C010
U1809,C002
U2709,C011
U2813,C012
U2712,C005
U1499,C008
U3663,C006
U0400,C006
U3007,C004
U2076,C003
U0385,C004
U4395,C008
U4229,C006
U1879,C012
U4243,C010
U0054,C012
U4284,C004
U2964,C011
U2051,C003
U4363,C004
U3744,C009
U2854,C005
U4767,C009
U1702,C007
U3306,C010
U2812,C001
U4250,C012
U2924,C011
U0943,C006
U1290,C010
U0560,C006
U1585,C009
U0401,C004
U0495,C002
U3657,C002
U3338,C012
U0009,C003
U4591,C007
U1015,C004
U3073,C011
U1959,C009
U4163,C004
U1405,C002
U2524,C006
U2830,C003
U0235,C002
U4822,C002
U0154,C011
U3828,C004
U3106,C005
U2181,C007
U4900,C007
U3488,C012
U2032,C008
U4067,C007
U1737,C010
U2505,C003
U3543,C011
U2725,C008
U4752,C007
U0412,C005
U0556,C004
U2131,C012
U0627,C006
U1336,C003
U3640,C003
U1768,C011
U0873,C007
U3716,C011
U0149,C003
U3186,C007
U4009,C008
U4245,C008
U2654,C009
U1933,C001
U3896,C010
U3209,C009
U4743,C006
U1069,C012
U4688,C010
U1243,C012
U0753,C002
U2976,C001
U3830,C004
U3901,C011
U2638,C003
U4515,C006
U3727,C010
U1483,C005
U3421,C010
U2982,C008
U3961,C008
U0486,C010
U2072,C004
U2901,C001
U4285,C007
U4881,C003
U1857,C012
U3647,C005
U1530,C009
U1151,C001
U0448,C004
U1760,C006
U1107,C007
U1581,C008
U1935,C010
U1773,C006
U0825,C004
U4520,C005
U4765,C006
U4140,C008
U1634,C005
U2663,C001
U0760,C011
U0734,C002
U1807,C001
U3787,C009
U1873,C005
U1548,C011
U4769,C008
U2708,C011
U3532,C008
U3899,C008
U2698,C005
U0226,C001
U3577,C011
U3460,C006
U3157,C009
U2519,C008
U4066,C009
U2368,C005
U4958,C009
U4137,C010
U3091,C007
U4153,C007
U3999,C001
U2533,C001
U3329,C002
U4922,C004
U2939,C008
U1013,C009
U2141,C007
U0180,C011
U1108,C004
U2863,C009
U1587,C011
U4074,C007
U2786,C009
U4474,C008
U4611,C001
U3247,C004
U3918,C006
U4756,C004
U2238,C005
U3510,C010
U0901,C004
U0638,C009
U3974,C012
U4377,C007
U0666,C010
U3724,C004
U3142,C001
U3889,C006
U1120,C012
U0323,C002
U0599,C009
U2948,C004
U2452,C004
U0741,C009
U3092,C001
U0434,C001
U3348,C004
U4783,C011
U4920,C005
U3874,C010
U1221,C012
U0987,C009
U1380,C004
U1590,C006
U4200,C010
U2699,C001
U1484,C001
U4049,C010
U3537,C001
U3474,C006
U1421,C003
U1510,C002
U3684,C002
U2930,C002
U3829,C011
U2035,C001
U2427,C003
U4390,C007
U0159,C001
U4426,C007
U2105,C003
U4087,C008
U3242,C006
U0367,C007
U3264,C002
U2602,C004
U2535,C008
U4147,C004
U0388,C012
U1498,C001
U3752,C003
U4825,C001
U2797,C007
U4043,C005
U0277,C009
U4034,C002
U1248,C004
U0998,C003
U1394,C012
U3555,C002
U3547,C001
U4416,C010
U2693,C012
U3023,C004
U3757,C005
U4151,C011
U0640,C011
U0105,C001
U0351,C001
U2182,C006
U3319,C004
U3358,C002
U3388,C006
U1787,C002
U2009,C006
U0176,C004
U4479,C012
U3084,C005
U1730,C004
U2375,C012
U3174,C010
U0325,C010
U1354,C003
U0735,C008
U3898,C004
U4711,C011
U4425,C005
U2597,C006
U2231,C009
U1218,C007
U0605,C005
U0608,C003
U1471,C011
U4977,C007
U0381,C008
U2042,C003
U3129,C010
U2085,C009
U3373,C012
U4482,C005
U3613,C008
U4718,C009
U2741,C008
U4295,C002
U1977,C004
U1276,C001
U1099,C006
U0856,C012
U3214,C006
U1525,C010
U3746,C005
U3525,C011
U0452,C010
U0862,C003
U2378,C007
U3964,C009
U3367,C008
U0694,C007
U4374,C007
U0939,C003
U3504,C012
U1298,C009
U0128,C005
U2852,C001
U3606,C004
U3431,C004
U4695,C001
U4997,C008
U3915,C012
U1245,C006
U1283,C003
U3258,C002
U2550,C003
U3812,C001
U1169,C009
U0457,C002
U0639,C008
U1159,C007
U2529,C004
U4286,C011
U3042,C011
U1887,C004
U3626,C007
U2873,C012
U3196,C001
U2328,C001
U0048,C009
U0239,C010
U4383,C010
U1597,C001
U1056,C001
U2898,C012
U3119,C004
U1551,C007
U4574,C010
U2002,C007
U1719,C012
U0493,C006
U1757,C011
U1485,C009
U4256,C006
U2358,C011
U2317,C010
U4386,C003
U1999,C002
U2314,C003
U0053,C010
U0632,C006
U3774,C010
U3891,C012
U1132,C001
U0035,C005
U3350,C007
U1997,C011
U0287,C005
U4979,C001
U1880,C002
U2155,C007
U3201,C012
U4266,C006
U4008,C007
U2207,C008
U4037,C003
U0348,C005
U2034,C006
U3871,C010
U4221,C001
U4653,C005
U2024,C002
U4082,C009
U0534,C008
U3656,C005
U1260,C006
U2050,C010
U0931,C011
U2472,C007
U1654,C005
U2108,C006
U4264,C012
U3622,C007
U3678,C010
U1305,C002
U4599,C010
U3057,C006
U3805,C012
U3704,C004
U0425,C008
U2908,C010
U2805,C007
U2718,C011
U3162,C010
U2894,C012
U2343,C008
U2745,C002
U2526,C008
U2252,C003
U1300,C003
U2015,C005
U2537,C008
U0264,C009
U4722,C001
U0407,C001
U3603,C003
U1866,C002
U2474,C003
U4387,C010
U4709,C003
U0307,C010
U0829,C011
U1479,C003
U0211,C001
U3972,C003
U3981,C002
U0751,C006
U3908,C011
U0138,C003
U3218,C012
U3518,C002
U1513,C006
U2567,C011
U1728,C010
U2335,C003
U2715,C009
U0634,C012
U0844,C003
U0330,C003
U3464,C004
U0648,C008
U4380,C011
U2803,C010
U2067,C002
U1995,C012
U2538,C001
U4957,C002
U2680,C010
U0402,C006
U0936,C002
U2876,C001
U3496,C006
U1214,C001
U1936,C006
U1706,C010
U3412,C012
U4706,C011
U2432,C010
U1910,C011
U0190,C011
U1902,C006
U1703,C007
U2278,C007
U3522,C002
U4589,C012
U4938,C005
U2309,C003
U1833,C011
U2672,C006
U1520,C012
U1839,C003
U4725,C008
U1656,C009
U2617,C002
U1102,C002
U2405,C011
U0952,C001
U0257,C004
U3560,C007
U4888,C008
U1341,C010
U4164,C009
U2323,C005
U0915,C005
U3105,C012
U3357,C003
U0688,C007
U4978,C006
U1030,C012
U1462,C012
U3219,C005
U4341,C005
U3638,C001
U4494,C012
U4142,C007
U2647,C001
U3699,C003
U4288,C007
U1288,C004
U1529,C004
U1938,C004
U0197,C011
U1223,C010
U3177,C007
U3163,C011
U1055,C010
U3463,C006
U3456,C011
U2012,C006
U3980,C007
U0062,C011
U1256,C006
U4422,C009
U4665,C002
U0965,C011
U3079,C010
U2237,C010
U2156,C007
U3143,C008
U0813,C010
U3138,C012
U4603,C009
U0769,C001
U4996,C011
U1826,C007
U2500,C010
U4110,C001
U3085,C007
U1388,C006
U1943,C006
U2151,C002
U1747,C003
U2991,C004
U0954,C006
U0406,C002
U4114,C009
U0205,C006
U1006,C010
U1387,C001
U0563,C005
U0507,C006
U0762,C001
U4202,C009
U4032,C010
U4925,C005
U1077,C011
U4248,C003
U2799,C006
U2109,C004
U4747,C006
U3324,C002
U2629,C012
U2359,C001
U2769,C002
U3429,C002
U2477,C005
U1734,C002
U3852,C002
U2723,C005
U2887,C012
U2265,C009
U1010,C011
U1110,C005
U0850,C001
U4303,C012
U4298,C003
U1624,C009
U3190,C005
U2091,C004
U2921,C005
U3659,C007
U1418,C006
U4571,C008
U4545,C005
U4485,C003
U4681,C005
U2665,C001
U0920,C005
U0535,C008
U1823,C008
U1813,C006
U2324,C001
U4493,C005
U0314,C011
U3926,C003
U1059,C002
U4623,C011
U4156,C003
U1862,C006
U2517,C010
U3228,C010
U3107,C011
U0229,C001
U0564,C001
U4378,C004
U2630,C005
U4646,C002
U0890,C012
U0260,C008
U4013,C010
U0903,C004
U2040,C006
U4132,C004
U3890,C012
U1291,C003
U4235,C001
U2549,C007
U1620,C003
U4430,C001
U4138,C002
U2818,C012
U1395,C012
U3300,C010
U1575,C012
U2235,C009
U3016,C004
U1185,C005
U1639,C005
U3097,C002
U0083,C011
U2128,C005
U2689,C006
U0220,C002
U0761,C012
U0664,C004
U0995,C003
U3666,C002
U3100,C012
U2399,C012
U0088,C005
U4640,C005
U2972,C009
U3548,C003
U0153,C012
U1111,C003
U3034,C003
U1117,C011
U3970,C004
U0909,C006
U4002,C011
U3764,C008
U3646,C009
U4931,C011
U2417,C004
U4984,C005
U4820,C002
U3945,C003
U3893,C001
U4710,C007
U4774,C001
U4610,C010
U1709,C012
U4727,C010
U1237,C012
U4483,C008
U0423,C008
U4705,C004
U2569,C008
U3768,C012
U0523,C002
U1089,C002
U3540,C010
U1723,C002
U0653,C012
U2734,C011
U1025,C001
U4761,C007
U1158,C011
U1741,C007
U1065,C005
U0065,C007
U1671,C009
U4757,C008
U4091,C001
U1500,C005
U1303,C007
U2557,C008
U1044,C005
U1466,C005
U2224,C012
U3937,C007
U4843,C009
U0141,C006
U2670,C002
U0693,C006
U1326,C002
U2639,C007
U1589,C002
U0126,C011
U1806,C007
U2379,C003
U3020,C009
U2498,C012
U2184,C003
U1209,C004
U0818,C007
U4106,C009
U4516,C011
U0316,C007
U3304,C010
U3497,C008
U3637,C005
U1883,C012
U3418,C003
U2288,C002
U1663,C003
U4732,C004
U1573,C011
U4428,C007
U2768,C009
U4123,C007
U1722,C012
U1093,C007
U1128,C007
U0914,C012
U2759,C007
U2300,C004
U1275,C012
U2760,C005
U2579,C003
U2380,C009
U4364,C007
U1175,C008
U2225,C011
U1820,C004
U2980,C009
U3836,C008
U2740,C010
U0268,C005
U4327,C002
U2645,C009
U3530,C009
U2530,C009
U1591,C005
U0258,C011
U2114,C003
U2406,C006
U1828,C006
U0390,C006
U2995,C004
U2652,C002
U1234,C005
U2631,C004
U1701,C006
U4006,C010
U3588,C002
U0821,C005
U2424,C011
U2495,C001
U3159,C010
U0037,C001
U1909,C001
U1162,C005
U0770,C008
U3533,C005
U2724,C007
U0031,C011
U0538,C003
U3807,C010
U2869,C011
U2882,C002
U0375,C003
U0158,C009
U4628,C007
U4840,C002
U3739,C004
U3036,C003
U1413,C009
U2196,C007
U1738,C009
U1605,C011
U0272,C012
U4809,C002
U1852,C011
U4362,C012
U4793,C002
U2600,C006
U0643,C004
U0879,C002
U4877,C001
U2226,C011
U2788,C012
U4031,C002
U2923,C001
U0642,C011
U4368,C008
U0868,C007
U4053,C001
U4719,C008
U0212,C008
U0110,C007
U0524,C003
U2833,C005
U1114,C007
U1770,C007
U3479,C009
U3620,C007
U1772,C001
U2089,C003
U3693,C002
U1050,C008
U3446,C003
U2360,C012
U2164,C009
U3099,C006
U3876,C002
U1461,C001
U2628,C003
U3359,C005
U3492,C006
U0438,C011
U3385,C006
U3645,C009
U4443,C002
U2264,C005
U3596,C012
U2657,C012
U2872,C004
U1646,C012
U1682,C004
U3713,C010
U3252,C008
U1667,C008
U3365,C006
U0662,C011
U4844,C007
U1940,C008
U1609,C009
U4585,C004
U2644,C005
U2074,C010
U2559,C001
U3658,C007
U3468,C008
U0071,C001
U4012,C001
U2845,C001
U1080,C011
U4801,C010
U2792,C001
U0718,C007
U2743,C010
U3361,C011
U4052,C010
U1584,C010
U3432,C006
U2251,C008
U0544,C006
U2504,C008
U0637,C009
U4371,C011
U0312,C008
U4335,C010
U4385,C006
U2031,C008
U2448,C003
U1942,C005
U3120,C002
U0572,C007
U2275,C011
U0028,C003
U3035,C008
U1465,C010
U3523,C010
U4505,C002
U1126,C002
U0358,C007
U3987,C010
U1509,C008
U3639,C006
U3233,C002
U3632,C012
U2620,C008
U1423,C004
U3820,C005
U4785,C011
U0373,C002
U2607,C011
U0663,C008
U1259,C008
U3771,C007
U3238,C008
U3507,C006
U1491,C001
U0172,C006
U3845,C009
U2587,C010
U2842,C002
U3742,C006
U2402,C011
U3224,C009
U4882,C005
U1294,C009
U4212,C010
U1049,C011
U2429,C011
U2321,C003
U1900,C004
U0104,C009
U3586,C006
U3279,C009
U4546,C003
U1855,C010
U3386,C004
U3502,C011
U2959,C012
U2080,C012
U2977,C002
U3916,C008
U1710,C012
U1230,C008
U3216,C009
U0297,C007
U0409,C007
U3650,C004
U4663,C010
U1083,C006
U3921,C011
U1347,C006
U3644,C003
U4870,C001
U2820,C002
U3501,C012
U1677,C001
U0005,C001
U0742,C011
U0727,C002
U1987,C004
U1685,C003
U2414,C002
U4650,C004
U1666,C008
U2101,C006
U0833,C002
U4033,C008
U2651,C010
U4658,C008
U1856,C009
U1505,C004
U4214,C007
U4941,C001
U2612,C002
U1327,C007
U4069,C001
U1432,C006
U4046,C002
U2541,C010
U4760,C005
U3931,C012
U3773,C009
U4674,C012
U1535,C008
U2411,C012
U4316,C011
U3287,C006
U1955,C004
U0838,C011
U3863,C008
U0649,C007
U1205,C011
U3478,C005
U0131,C002
U1373,C004
U1124,C006
U1215,C008
U4326,C006
U0166,C002
U3553,C004
U0971,C012
U0766,C004
U0758,C008
U1489,C004
U2337,C010
U1812,C002
U1736,C002
U1360,C007
U2413,C009
U3396,C010
U1046,C011
U0951,C005
U3283,C012
U0831,C012
U2274,C005
U4044,C003
U4873,C009
U2390,C003
U4647,C011
U2527,C002
U1163,C010
U2664,C004
U1054,C009
U2470,C007
U1426,C007
U3249,C004
U0902,C007
U4748,C007
U2279,C011
U3428,C012
U1469,C004
U0860,C003
U0086,C005
U2293,C006
U1892,C001
U4508,C010
U3709,C007
U3573,C011
U2943,C009
U1312,C004
U3286,C007
U1492,C010
U3094,C009
U2893,C005
U1606,C003
U3900,C003
U4871,C006
U2234,C010
U0023,C011
U0174,C004
U0292,C009
U4481,C012
U1686,C008
U4535,C007
U1914,C003
U3855,C004
U4196,C004
U3199,C002
U1407,C008
U1233,C006
U3151,C010
U0178,C012
U1488,C005
U0609,C008
U1878,C002
U4349,C012
U3320,C006
U2017,C005
U4246,C008
U4907,C004
U0874,C007
U1547,C007
U1870,C005
U1011,C005
U2422,C003
U0150,C001
U3938,C012
U1429,C007
U3747,C002
U0930,C010
U2387,C002
U0042,C010
U1098,C007
U0842,C007
U1901,C011
U3832,C002
U4325,C006
U4486,C007
U2116,C011
U4315,C010
U2007,C001
U0120,C005
U4269,C009
U4131,C001
U1731,C003
U2493,C002
U3447,C010
U0349,C003
U2860,C009
U1255,C011
U3922,C006
U0839,C007
U0165,C008
U0360,C006
U4629,C002
U4331,C006
U0169,C001
U2582,C005
U3229,C008
U1941,C002
U0953,C002
U4020,C010
U2736,C001
U0093,C004
U2614,C010
U2342,C002
U4786,C004
U4170,C004
U4452,C010
U1401,C012
U1618,C009
U3308,C012
U2783,C002
U0040,C007
U3398,C001
U3886,C008
U1917,C006
U3054,C009
U4788,C009
U2790,C009
U4241,C009
U0101,C011
U0789,C002
U3515,C004
U1495,C006
U4731,C001
U4551,C009
U0509,C006
U3002,C006
U4205,C006
U1123,C005
U0700,C004
U3933,C001
U1555,C004
U4465,C010
U4531,C002
U0834,C011
U2014,C007
U0614,C006
U3996,C001
U4127,C011
U0977,C001
U0607,C011
U2214,C006
U2598,C003
U3083,C009
U0135,C012
U1166,C012
U0986,C002
U2419,C002
U2123,C003
U2010,C003
U3615,C008
U1816,C011
U1344,C003
U2886,C012
U0768,C012
U1247,C003
U3134,C003
U3391,C012
U2807,C002
U3484,C011
U1714,C005
U0079,C010
U4999,C008
U2558,C011
U3557,C002
U0764,C004
U4856,C011
U4754,C010
U3714,C001
U1904,C003
U4207,C010
U4370,C001
U3025,C007
U2690,C005
U3370,C012
U0092,C003
U0446,C002
U2586,C004
U0946,C010
U4490,C009
U0424,C005
U0069,C012
U0893,C008
U2420,C012
U0467,C010
U3607,C010
U3988,C008
U0007,C002
U1636,C003
U4792,C007
U0928,C010
U1067,C003
U1948,C003
U1058,C006
U3641,C010
U2273,C012
U4141,C011
U3741,C011
U0635,C008
U3345,C010
U1531,C009
U3044,C009
U1718,C006
U3211,C002
U3538,C008
U4274,C012
U4367,C011
U3850,C002
U1274,C010
U0206,C008
U2751,C006
U1967,C008
U3173,C008
U1315,C011
U4421,C005
U2534,C002
U3957,C003
U2456,C009
U4027,C008
U2377,C004
U3293,C001
U1750,C003
U4577,C011
U4737,C007
U0505,C006
U0099,C009
U0530,C009
U0464,C003
U0473,C007
U2187,C007
U4714,C005
U2626,C004
U1765,C009
U3445,C008
U2987,C007
U2054,C006
U3883,C004
U2503,C006
U4630,C011
U0698,C005
U2330,C011
U1894,C004
U3824,C007
U1051,C010
U3794,C009
U0334,C002
U2412,C010
U4086,C001
U4058,C001
U1653,C006
U0391,C012
U1771,C001
U2430,C009
U1320,C008
U1792,C002
U0702,C004
U2290,C001
U2260,C006
U4379,C012
U3494,C010
U4661,C001
U0553,C009
U1998,C001
U3810,C009
U0739,C012
U4755,C010
U0192,C005
U1119,C009
U0191,C011
U4942,C002
U3798,C009
U1014,C010
U4220,C008
U0498,C010
U3226,C006
U3262,C005
U3818,C008
U0783,C004
U0228,C002
U1338,C002
U3895,C004
U2568,C008
U1164,C010
U3433,C010
U2435,C004
U3267,C004
U0701,C002
U1658,C005
U0598,C010
U4782,C007
U4120,C001
U2951,C011
U0520,C012
U4441,C005
U2398,C008
U4866,C012
U4606,C002
U0241,C010
U2438,C003
U0045,C010
U0880,C006
U2029,C008
U4456,C008
U0949,C006
U2384,C011
U4354,C008
U2496,C007
U3404,C007
U0492,C010
U4780,C012
U3715,C007
U3288,C008
U0216,C010
U4930,C001
U0619,C004
U1216,C009
U0309,C011
U3416,C007
U4644,C006
U2700,C004
U4993,C007
U0565,C006
U0667,C003
U4921,C006
U1616,C012
U1925,C010
U4071,C002
U4503,C012
U4587,C002
U2816,C001
U3090,C011
U1835,C009
U3332,C012
U2787,C010
U0474,C005
U0983,C003
U0566,C011
U0404,C009
U2259,C005
U2160,C001
U4258,C007
U1384,C010
U3927,C010
U1363,C010
U1668,C002
U1476,C010
U4950,C006
U1652,C009
U0355,C006
U1222,C010
U4010,C001
U0982,C011
U3736,C009
U3050,C009
U2423,C006
U0399,C007
U4859,C012
U2211,C001
U0947,C006
U1761,C004
U0630,C004
U0973,C007
U4215,C007
U1578,C001
U2153,C002
U0052,C012
U4581,C001
U3295,C005
U4568,C008
U0305,C007
U4522,C011
U0551,C004
U2243,C001
U1334,C002
U1431,C001
U3708,C005
U2310,C004
U4238,C009
U2809,C005
U2397,C012
U3070,C006
U0310,C007
U3360,C002
U3337,C007
U0981,C008
U1146,C003
U2329,C009
U0016,C009
U4777,C007
U3343,C007
U1340,C003
U4552,C003
U2005,C010
U4424,C002
U4115,C006
U3117,C006
U1408,C002
U3495,C009
U2280,C007
U2983,C005
U0078,C002
U2909,C009
U0659,C003
U1231,C008
U4621,C008
U4860,C006
U1493,C010
U0686,C004
U3524,C012
U2946,C007
U0900,C004
U0655,C006
U4749,C005
U2875,C012
U3676,C012
U2766,C009
U2269,C002
U4334,C001
U2382,C003
U1687,C001
U2236,C012
U4602,C011
U2482,C010
U2642,C008
U3947,C012
U4910,C003
U2143,C007
U3144,C010
U4194,C008
U0884,C004
U3564,C006
U2632,C012
U0979,C011
U3139,C008
U4975,C011
U1208,C006
U3346,C005
U4890,C007
U1331,C009
U4468,C011
U1536,C006
U0112,C012
U2806,C004
U2294,C010
U4654,C012
U3158,C008
U0988,C001
U4125,C005
U1036,C002
U1064,C008
U4338,C005
U2434,C006
U4736,C003
U3670,C006
U1458,C010
U3408,C010
U3380,C007
U1367,C002
U2200,C005
U4017,C004
U0240,C012
U4633,C003
U0644,C007
U1989,C001
U4576,C002
U0275,C004
U1116,C008
U2471,C005
U2648,C004
U0935,C009
U3534,C007
U4124,C012
U2501,C008
U2494,C010
U4947,C003
U3197,C005
U0142,C007
U1657,C001
U4886,C001
U0731,C011
U0124,C011
U3325,C004
U1032,C012
U2461,C006
U2058,C005
U0466,C002
U0359,C009
U0723,C007
U3188,C010
U2847,C007
U0097,C007
U4904,C010
U0140,C005
U2447,C001
U3317,C011
U2775,C009
U1372,C010
U0371,C002
U3172,C001
U4152,C009
U4502,C008
U3256,C012
U4113,C008
U2129,C006
U2172,C006
U0051,C005
U1433,C003
U1227,C009
U0546,C001
U4521,C007
U1180,C005
U0737,C001
U3059,C001
U0143,C010
U3634,C003
U3029,C001
U4198,C007
U2250,C006
U4962,C005
U4636,C012
U4042,C002
U1440,C004
U0772,C011
U2547,C002
U0061,C012
U4539,C010
U0573,C002
U3123,C001
U1113,C002
U3355,C007
U0072,C007
U0338,C005
U0433,C011
U3544,C004
U2804,C007
U1425,C005
U0574,C010
U3679,C002
U0791,C002
U0775,C001
U3449,C003
U1350,C005
U4525,C001
U1799,C004
U3730,C004
U2800,C010
U4172,C010
U3569,C009
U1282,C012
U2158,C003
U0941,C011
U4908,C012
U3437,C004
U2056,C008
U1707,C008
U4902,C008
U1112,C004
U1043,C001
U3556,C001
U1869,C012
U3148,C012
U4835,C011
U4471,C005
U4617,C005
U2841,C007
U3315,C008
U3356,C002
U3015,C001
U3342,C007
U2653,C002
U4301,C008
U0740,C004
U0461,C006
U2595,C012
U4637,C010
U3454,C008
U1554,C005
U2958,C011
U2746,C007
U0790,C004
U1848,C005
U2793,C012
U2641,C002
U0281,C006
U3376,C003
U2646,C002
U3062,C011
U0728,C009
U4559,C006
U4530,C002
U1437,C012
U3169,C002
U1037,C008
U1095,C005
U1647,C012
U0528,C010
U4887,C005
U3168,C008
U0719,C005
U2308,C012
U2634,C009
U2084,C005
U2455,C003
U0041,C006
U4764,C004
U0916,C007
U2585,C005
U3403,C002
U4567,C005
U0937,C003
U4569,C005
U2618,C001
U2514,C011
U2049,C006
U3152,C005
U2171,C011
U0353,C006
U4410,C007
U3628,C003
U2185,C012
U1200,C004
U3213,C004
U3765,C001
U3856,C011
U4691,C006
U0990,C007
U3514,C008
U3136,C004
U1860,C004
U4919,C001
U1859,C006
U0499,C002
U3854,C008
U0629,C007
U4297,C002
U1961,C009
U4475,C011
U4393,C008
U0521,C005
U0795,C002
U1676,C004
U4624,C001
U1250,C009
U2757,C006
U1188,C005
U2932,C012
U3835,C007
U1875,C012
U2563,C008
U0350,C011
U1549,C007
U3751,C005
U0256,C011
U2556,C001
U0620,C008
U1035,C007
U0146,C002
U3952,C009
U0636,C008
U0778,C011
U4038,C005
U3558,C008
U3858,C007
U4083,C012
U3455,C001
U1561,C002
U1042,C010
U4406,C011
U0869,C011
U4713,C002
U4778,C004
U1482,C010
U2287,C011
U4864,C003
U0824,C005
U1712,C005
U2509,C007
U0932,C003
U3469,C005
U1640,C004
U2374,C003
U3010,C004
U4223,C001
U0650,C002
U0109,C007
U1944,C004
U4927,C009
U2999,C011
U1212,C004
U0187,C012
U0803,C006
U3483,C002
U3608,C010
U3566,C005
U0647,C001
U3956,C006
U4249,C007
U4444,C011
U3307,C005
U0810,C009
U2717,C006
U1199,C006
U3860,C006
U3273,C009
U2086,C008
U2061,C007
U1678,C002
U1672,C003
U0043,C007
U2910,C002
U3426,C010
U1486,C011
U2716,C006
U1187,C008
U4961,C006
U4329,C004
U0674,C005
U2990,C001
U0704,C002
U2588,C012
U1607,C006
U3443,C011
U4708,C009
U1519,C007
U0247,C003
U4084,C012
U1281,C002
U4666,C012
U3486,C001
U2103,C004
U3406,C008
U0846,C003
U0978,C004
U0491,C008
U1122,C008
U0561,C012
U3452,C008
U1302,C006
U2903,C006
U0300,C012
U0022,C003
U0924,C005
U4971,C005
U3587,C012
U3313,C005
U2936,C011
U3476,C007
U2219,C003
U3954,C008
U0254,C002
U3251,C003
U1754,C006
U3115,C012
U2241,C001
U4135,C011
U0067,C010
U0039,C008
U4447,C011
U2731,C002
U1700,C006
U1219,C003
U3966,C009
U0677,C008
U2771,C010
U1464,C010
U4488,C010
U2068,C011
U0820,C005
U0510,C004
U0113,C008
U2365,C007
U0416,C004
U4005,C007
U4814,C008
U4671,C007
U4143,C005
U1148,C002
U3280,C006
U1781,C009
U0747,C008
U3667,C003
U4935,C011
U4798,C012
U3389,C004
U2331,C011
U4025,C004
U1659,C011
U2955,C011
U0465,C012
U3914,C002
U3745,C004
U2254,C001
U1374,C003
U1503,C011
U2615,C004
U2621,C002
U2322,C004
U0123,C003
U0717,C003
U3227,C006
U3677,C007
U3071,C011
U4541,C004
U4987,C009
U1784,C010
U0030,C005
U4776,C001
U3649,C002
U3949,C004
U1580,C004
U4529,C003
U4348,C006
U4476,C007
U4182,C012
U3265,C007
U0273,C005
U0379,C003
U3154,C007
U3717,C010
U4417,C010
U3058,C009
U2707,C005
U4016,C010
U1262,C006
U1612,C008
U2394,C010
U2021,C008
U1016,C011
U0209,C005
U3906,C002
U1815,C012
U0070,C010
U0996,C002
U4254,C001
U0514,C011
U1322,C009
U3760,C010
U3103,C004
U2270,C006
U4805,C009
U2296,C009
U3604,C006
U1992,C008
U0588,C005
U0024,C004
U0944,C005
U2457,C008
U2679,C003
U0436,C001
U3671,C007
U0912,C008
U4983,C003
U4985,C008
U4073,C003
U0151,C001
U1267,C010
U0489,C007
U1629,C001
U3299,C004
U3711,C001
U4470,C009
U1075,C006
U3312,C003
U4594,C012
U0326,C009
U3686,C007
U0926,C001
U3601,C003
U0533,C011
U1211,C001
U3130,C002
U3816,C009
U3207,C012
U4790,C001
U0871,C009
U3975,C012
U1969,C003
U4219,C010
U2726,C009
U2391,C010
U1803,C001
U1769,C001
U0428,C001
U4438,C004
U3776,C006
U4433,C012
U1915,C011
U2516,C001
U0341,C011
U4458,C005
U3570,C004
U0225,C008
U4146,C007
U2917,C002
U4667,C001
U3808,C006
U3310,C006
U1599,C006
U1496,C006
U3457,C007
U1138,C002
U0532,C004
U4619,C010
U4677,C008
U1183,C005
U2106,C003
U2318,C005
U1600,C008
U4673,C006
U3305,C001
U4030,C006
U3021,C007
U3770,C007
U0077,C012
U4526,C005
U3955,C004
U4819,C002
U1028,C009
U4055,C008
U1867,C007
U2988,C009
U0032,C005
U1939,C011
U0322,C009
U1232,C003
U2083,C007
U2555,C007
U3834,C009
U4495,C012
U2113,C009
U3761,C001
U2649,C002
U0284,C009
U3859,C010
U1818,C003
U3072,C007
U4149,C007
U2463,C002
U0569,C002
U3682,C001
U2312,C007
U2941,C001
U1906,C003
U2997,C010
U3694,C006
U2750,C010
U4716,C012
U1697,C005
U3786,C001
U1662,C006
U2643,C002
U1748,C004
U0539,C001
U1886,C007
U2475,C008
U1794,C003
U2824,C010
U1785,C007
U0628,C007
U1053,C006
U3800,C002
U0866,C001
U3381,C009
U4742,C002
U3276,C008
U0807,C010
U5000,C001
U3340,C012
U1711,C004
U0526,C009
U2778,C001
U0519,C011
U2575,C006
U4816,C007
U1378,C001
U2363,C009
U4803,C010
U1467,C011
U0222,C001
U0184,C002
U1459,C003
U4537,C001
U0692,C003
U4102,C003
U4328,C009
U1560,C003
U0163,C012
U4509,C012
U0008,C001
U1134,C007
U1091,C010
U0420,C009
U2440,C005
U1884,C007
U4787,C008
U0562,C006
U4579,C010
U4117,C011
U1739,C006
U1717,C012
U1698,C011
U4651,C003
U0185,C008
U3500,C007
U4878,C002
U1576,C010
U3602,C007
U4290,C006
U1517,C009
U4466,C004
U3923,C009
U1996,C002
U4136,C002
U1791,C005
U4750,C010
U4855,C010
U3450,C002
U1830,C004
U2136,C005
U0356,C001
U3383,C004
U2916,C001
U2659,C001
U2370,C012
U4239,C002
U4735,C012
U2967,C010
U0387,C007
U3327,C001
U0711,C010
U2767,C004
U0780,C012
U3362,C008
U1241,C009
U4375,C008
U0792,C001
U4685,C011
U3470,C008
U2299,C006
U2688,C003
U3984,C001
U1564,C008
U1424,C009
U4901,C008
U3400,C012
U1203,C004
U3680,C008
U4832,C004
U2163,C003
U4986,C011
U3170,C004
U1831,C009
U4924,C011
U4309,C011
U0682,C011
U2162,C003
U4048,C008
U4813,C007
U1478,C001
U0080,C004
U1103,C006
U1213,C010
U0940,C012
U4500,C006
U1637,C008
U4360,C006
U0881,C012
U0087,C005
U1366,C009
U2261,C001
U1365,C005
U4116,C012
U4729,C010
U4604,C003
U2574,C011
U1145,C007
U0291,C009
U1523,C005
U0773,C007
U4040,C002
U2633,C006
U0759,C012
U1296,C007
U1154,C012
U0259,C006
U3046,C012
U0767,C005
U4892,C006
U1971,C006
U1544,C006
U0695,C008
U3993,C006
U2703,C006
U3303,C007
U0199,C011
U4810,C009
U1045,C009
U2449,C003
U2183,C001
U4260,C011
U3281,C009
U4324,C007
U3378,C007
U4162,C009
U1834,C011
U4974,C002
U4372,C006
U2285,C012
U4317,C007
U4759,C005
U1052,C003
U1118,C011
U3048,C011
U1562,C004
U3284,C004
U4442,C010
U1533,C010
U4271,C005
U4322,C005
U2832,C007
U0058,C002
U2573,C003
U3296,C008
U2518,C004
U3944,C003
U2395,C008
U3081,C007
U1558,C004
U2758,C003
U1814,C010
U4240,C008
U1306,C012
U0055,C011
U3903,C005
U3924,C009
U3904,C011
U0346,C009
U4186,C008
U0797,C005
U0603,C001
U1832,C003
U0397,C011
U2277,C011
U3978,C010
U2942,C010
U0668,C005
U2209,C002
U1905,C008
U2891,C012
U0063,C007
U1759,C008
U3290,C007
U3415,C005
U3438,C002
U2248,C006
U3902,C008
U0555,C005
U2311,C002
U0262,C008
U4093,C002
U3451,C007
U4107,C011
U3006,C008
U3590,C003
U3652,C006
U2255,C001
U4440,C012
U1726,C009
U4150,C001
U0696,C010
U4928,C005
U4766,C005
U0748,C009
U1198,C008
U1579,C008
U0583,C002
U1481,C005
U1963,C006
U0214,C006
U4159,C005
U2127,C011
U0645,C002
U4634,C010
U1269,C003
U2944,C003
U3259,C010
U0413,C004
U0580,C006
U2794,C001
U3076,C004
U2819,C005
U0333,C008
U3493,C008
U3371,C008
U0049,C011
U3995,C012
U0501,C011
U1339,C011
U2562,C003
U1661,C002
U3409,C011
U4244,C004
U3111,C010
U2722,C007
U2295,C007
U3156,C012
U2874,C010
U4278,C012
U1299,C003
U3061,C010
U0414,C007
U1968,C012
U4157,C003
U0578,C012
U1916,C002
U0785,C005
U3838,C004
U3237,C006
U1962,C003
U2041,C009
U0340,C009
U1557,C002
U2026,C011
U2013,C008
U3792,C011
U1927,C002
U4108,C008
U2616,C007
U0459,C005
U3846,C009
U1553,C009
U4499,C005
U4065,C008
U3204,C004
U0736,C003
U4899,C012
U1539,C002
U1071,C010
U1249,C004
U4940,C002
U1335,C007
U0119,C002
U4356,C005
U4357,C006
U2853,C002
U2355,C011
U3109,C011
U4158,C003
U3482,C007
U0497,C002
U1696,C005
U4519,C003
U2213,C004
U1641,C003
U0299,C007
U3166,C009
U2341,C011
U4687,C002
U4427,C001
U4991,C005
U1217,C009
U0646,C004
U0610,C006
U4047,C009
U4740,C002
U1342,C003
U1643,C001
U0204,C005
U1084,C007
U2075,C009
U2552,C007
U2825,C009
U0985,C003
U2925,C004
U3132,C012
U2975,C007
U4104,C011
U0280,C008
U2543,C002
U2935,C002
U4518,C012
U0582,C008
U1292,C007
U3297,C006
U1009,C002
U1811,C008
U1170,C002
U0487,C004
U3087,C003
U3314,C003
U4431,C009
U1960,C006
U4259,C001
U1570,C007
U3424,C004
U3785,C010
U2774,C002
U2170,C012
U3775,C001
U4807,C001
U3401,C006
U3983,C011
U3867,C011
U4459,C012
U2371,C006
U2831,C012
U2737,C008
U0002,C002
U0250,C008
U2306,C001
U4781,C007
U2622,C003
U4544,C001
U2356,C008
U2473,C007
U3862,C012
U1399,C005
U4275,C006
U2046,C010
U4308,C004
U0189,C011
U1402,C012
U2336,C011
U1540,C001
U2536,C004
U2284,C006
U3585,C002
U1160,C007
U0828,C010
U1376,C012
U4439,C010
U1361,C008
U1690,C003
U3755,C004
U1192,C006
U1427,C001
U2802,C010
U4252,C002
U2954,C010
U4035,C002
U3185,C012
U2016,C009
U4227,C007
U4467,C005
U3019,C010
U0210,C003
U1460,C007
U1789,C002
U0529,C001
U1840,C005
U0848,C001
U2858,C002
U4060,C004
U4850,C008
U0145,C006
U0415,C005
U4678,C003
U3193,C007
U1625,C003
U0721,C007
U0301,C005
U1157,C007
U4388,C006
U2814,C004
U4730,C004
U4896,C010
U3878,C001
U0304,C008
U0374,C007
U2176,C004
U4806,C003
U2591,C007
U1229,C001
U3536,C007
U2221,C010
U1602,C002
U4306,C011
U2304,C012
U4293,C001
U1837,C011
U0396,C004
U4231,C007
U3017,C005
U0945,C003
U4419,C001
U0963,C007
U4586,C007
U3420,C012
U2539,C011
U1552,C007
U4062,C012
U3528,C001
U1627,C005
U0362,C004
U2548,C011
U1420,C011
U3857,C001
U3575,C007
U1022,C002
U3702,C002
U2791,C007
U4980,C010
U1619,C003
U4366,C008
U4232,C001
U2286,C007
U1406,C012
U0251,C003
U3625,C011
U1664,C004
U1541,C007
U4620,C005
U0290,C012
U3434,C002
U2613,C003
U1511,C007
U2215,C003
U1447,C004
U0198,C012
U3326,C012
U1775,C012
U3539,C012
U1284,C012
U2857,C007
U2223,C008
U0830,C003
U0059,C003
U0836,C004
U3181,C007
U2904,C003
U0380,C008
U2111,C011
U4418,C011
U4075,C003
U1181,C001
U2192,C001
U3318,C005
U1311,C008
U1253,C008
U1952,C004
U1375,C008
U1744,C004
U1144,C008
U0670,C003
U0313,C008
U4085,C005
U4573,C011
U3417,C001
U2065,C005
U3051,C001
U3630,C011
U1174,C005
U1567,C001
U3155,C009
U2701,C004
U1930,C004
U4929,C009
U0102,C012
U2148,C003
U1556,C006
U0267,C003
U1094,C004
U4280,C006
U0972,C006
U0064,C008
U0303,C006
U3989,C005
U4209,C010
U2927,C004
U3282,C001
U1843,C006
U0923,C001
U4791,C009
U4802,C005
U0354,C003
U3653,C006
U3692,C006
U2347,C001
U4960,C011
U0568,C002
U1796,C003
U4897,C007
U1018,C009
U0895,C011
U2560,C001
U3141,C002
U2947,C005
U4181,C010
U3600,C006
U1546,C006
U1651,C010
U2512,C005
U1797,C010
U2521,C012
U3499,C005
U3146,C009
U4511,C001
U3817,C001
U1864,C009
U0219,C006
U4625,C006
U0776,C008
U3001,C008
U3278,C008
U4175,C011
U2298,C011
U3465,C002
U2282,C008
U0508,C007
U1691,C011
U3698,C009
U3292,C011
U0743,C007
U2971,C005
U1068,C010
U4865,C009
U2732,C008
U2485,C003
U1450,C007
U0623,C006
U4981,C001
U2570,C008
U0654,C011
U1849,C006
U0746,C010
U4627,C009
U2577,C011
U4339,C005
U0817,C009
U1617,C006
U4796,C006
U4704,C009
U3662,C009
U4914,C009
U0962,C006
U0345,C012
U1285,C001
U4283,C006
U0161,C008
U1756,C010
U0370,C004
U0861,C012
U1945,C009
U3395,C009
U4694,C001
U1976,C007
U1984,C012
U3068,C008
U1385,C006
U1954,C004
U1704,C003
U3254,C005
U0027,C009
U1986,C003
U4808,C006
U2489,C010
U0193,C006
U1451,C008
U0081,C009
U1430,C005
U1965,C001
U0527,C007
U1304,C006
U0248,C006
U4834,C006
U3986,C003
U1888,C001
U2444,C010
U1872,C011
U1729,C006
U4333,C008
U1207,C007
U4358,C007
U4905,C009
U2469,C004
U1615,C008
U2914,C012
U0444,C008
U3298,C006
U4021,C008
U2003,C006
U0929,C006
U4540,C004
U1400,C002
U2986,C005
U4669,C002
U2895,C001
U2110,C006
U2152,C009
U3936,C012
U2635,C001
U3033,C004
U0756,C004
U4956,C011
U2747,C011
U4557,C008
U3581,C008
U0421,C004
U2625,C003
U0366,C007
U2953,C007
U3599,C009
U2366,C008
U4703,C008
U1024,C003
U1922,C002
U0422,C004
U4795,C011
U3088,C005
U4726,C005
U0720,C006
U1179,C008
U3512,C004
U4225,C002
U2713,C007
U2102,C012
U1979,C005
U0956,C008
U3661,C011
U2315,C001
U1924,C007
U3861,C007
U1871,C006
U1020,C006
U0781,C006
U3133,C012
U2339,C003
U1191,C003
U2829,C004
U0689,C011
U2416,C008
U0298,C008
U2247,C006
U0382,C009
U4672,C006
U4851,C011
U4784,C010
U2866,C001
U3240,C004
U0274,C012
U2770,C005
U0134,C012
U3078,C006
U0282,C010
U2332,C002
U4400,C003
U3316,C003
U0576,C010
U4407,C007
U3448,C001
U1473,C002
U2195,C006
U1106,C011
U2733,C005
U4255,C004
U0470,C007
U0690,C008
U0754,C004
U0925,C011
U3047,C010
U2993,C003
U0540,C003
U0332,C008
U1149,C005
U0622,C007
U4484,C006
U1140,C004
U0845,C001
U0969,C008
U0144,C006
U0716,C005
U3735,C004
U0393,C009
U1518,C003
U2938,C004
U4022,C008
U4631,C009
U1630,C003
U0441,C012
U4744,C009
U0806,C002
U0195,C007
U0488,C006
U1062,C003
U4821,C005
U1858,C010
U2720,C010
U1156,C009
U1434,C009
U0885,C002
U0550,C012
U4846,C007
U3627,C001
U2006,C009
U0796,C003
U4868,C010
U3897,C010
U3167,C008
U4193,C002
U2761,C002
U4679,C011
U4455,C011
U1782,C005
U1152,C003
U0899,C007
U4029,C008
U0604,C011
U0814,C003
U2779,C001
U2403,C006
U2388,C008
U3441,C006
U3609,C001
U1764,C009
U1841,C002
U4923,C008
U2906,C006
U3866,C010
U4542,C005
U0089,C005
U1568,C004
U4236,C001
U2180,C003
U3681,C003
U2711,C011
U0003,C003
U3210,C009
U2022,C006
U2571,C004
U2174,C006
U3595,C001
U0851,C003
U4345,C004
U1649,C008
U2381,C006
U1802,C010
U3948,C010
U2138,C005
U2623,C003
U3161,C009
U1307,C002
U4550,C007
U0611,C007
U3101,C011
U1439,C012
U0855,C011
U2905,C009
U4423,C006
U2453,C003
U1370,C001
U4561,C004
U4436,C003
U2553,C011
U3629,C008
U3541,C012
U2047,C010
U4099,C002
U3576,C008
U0841,C006
U3636,C007
U4026,C005
U0456,C008
U1994,C006
U4641,C002
U4926,C008
U0993,C006
U1763,C005
U3942,C003
U4615,C009
U3045,C008
U4394,C012
U4501,C006
U1594,C003
U0822,C001
U0714,C010
U1494,C010
U2836,C005
U1023,C006
U3529,C005
U2885,C012
U0249,C005
U4092,C011
U4432,C010
U1393,C001
U0468,C004
U1512,C004
U3037,C011
U4247,C006
U0543,C008
U3998,C012
U3336,C011
U1595,C006
U1822,C011
U4952,C008
U2268,C004
U4191,C002
U2753,C009
U2059,C003
U2087,C011
U0669,C002
U2481,C007
U0472,C006
U2019,C006
U0060,C010
U0451,C006
U2937,C004
U3089,C011
U2206,C002
U2066,C005
U3387,C010
U3726,C004
U0732,C004
U4872,C005
U3894,C008
U4862,C007
U3369,C011
U0344,C009
U1293,C006
U3031,C002
U0750,C012
U0922,C008
U2140,C011
U1357,C011
U0531,C011
U3430,C007
U0970,C010
U0410,C007
U3513,C005
U1865,C011
U1898,C003
U0867,C007
U3149,C011
U3127,C001
U4943,C009
U4680,C003
U1819,C007
U0779,C005
U3664,C002
U0500,C011
U1937,C009
U4876,C007
U4616,C007
U0173,C007
U2392,C005
U0570,C001
U1675,C004
U0712,C005
U0957,C012
U0966,C009
U1061,C009
U3960,C011
U0082,C011
U4445,C004
U2020,C001
U2168,C007
U0994,C004
U2719,C009
U2545,C005
U0429,C011
U3250,C002
U4768,C005
U1847,C012
U3928,C008
U4753,C003
U4206,C004
U0661,C002
U4230,C008
U0864,C009
U3578,C003
U1660,C002
U3935,C010
U3725,C003
U2513,C006
U3732,C004
U2798,C004
U4558,C002
U2217,C004
U3929,C003
U2291,C011
U3790,C003
U1076,C010
U1382,C007
U4145,C009
U3734,C001
U0641,C003
U3187,C004
U4491,C009
U1012,C010
U1270,C001
U2566,C002
U0870,C003
U1389,C004
U3833,C009
U2038,C002
U2036,C003
U0715,C008
U4001,C002
U2969,C001
U2198,C006
U2249,C010
U2132,C006
U1628,C004
U1506,C001
U2619,C009
U0462,C004
U0476,C010
U0567,C006
U2984,C005
U3580,C005
U0908,C010
U3184,C001
U1348,C003
U2915,C009
U2888,C001
U0095,C006
U4199,C001
U1130,C007
U4041,C009
U3246,C007
U4741,C009
U0968,C007
U0177,C010
U3550,C008
U1337,C009
U3055,C003
U0787,C005
U1029,C011
U3394,C001
U0892,C011
U0475,C004
U0502,C012
U1524,C002
U1776,C005
U3352,C004
U4217,C005
U1988,C005
U2079,C010
U2960,C002
U4077,C003
U1474,C003
U3399,C005
U4549,C001
U2686,C011
U2082,C004
U0679,C008
U4697,C008
U1853,C005
U1487,C004
U3877,C004
U3125,C004
U1410,C011
U4305,C006
U4201,C004
U3881,C006
U4168,C003
U0223,C010
U2222,C003
U3473,C003
U4320,C011
U4799,C009
U1766,C012
U3593,C004
U1913,C010
U2146,C005
U0118,C005
U1100,C008
U3098,C011
U2431,C012
U3733,C002
U3064,C006
U2867,C007
U2441,C003
U4911,C009
U4174,C003
U3799,C007
U2344,C003
U3953,C012
U2706,C006
U2011,C007
U2094,C008
U3872,C004
U2133,C001
U2443,C011
U0269,C010
U1475,C001
U4088,C012
U3004,C010
U1854,C008
U2267,C009
U1777,C006
U0208,C012
U1369,C001
U0594,C009
U0967,C012
U4607,C001
U1572,C003
U3114,C003
U3737,C005
U1981,C005
U4446,C004
U3685,C006
U3171,C001
U1177,C012
U3969,C002
U1066,C007
U3668,C002
U3112,C010
U3217,C003
U3309,C011
U3022,C008
U1836,C011
U0484,C005
U0279,C008
U2677,C012
U4453,C011
U3270,C002
U2188,C003
U1287,C006
U2193,C011
U4917,C008
U4693,C006
U1264,C003
U3453,C010
U4995,C010
U2542,C008
U0017,C009
U0857,C008
U2197,C006
U1742,C002
U3665,C006
U2735,C010
U1121,C001
U1868,C006
U3831,C006
U3206,C010
U4507,C002
U4857,C005
U1147,C002
U3333,C004
U1751,C003
U4657,C010
U4580,C002
U0878,C009
U1911,C005
U4184,C008
U0148,C002
U0261,C002
U0826,C004
U1038,C008
U4898,C012
U2165,C002
U3703,C002
U0784,C012
U2008,C004
U4355,C007
U2351,C001
U0547,C001
U0265,C006
U0537,C003
U0589,C009
U4396,C003
U2756,C008
U1398,C001
U0545,C006
U1129,C001
U3009,C008
U4863,C009
U0100,C001
U0976,C007
U3069,C007
U4449,C009
U1502,C010
U1946,C012
U1895,C012
U3147,C010
U3712,C004
U0658,C007
U0548,C004
U4738,C007
U4608,C006
U0793,C004
U2204,C012
U2426,C006
U1788,C004
U1934,C011
U0917,C012
U0188,C006
U2580,C010
U0011,C005
U0331,C002
U1416,C005
U3435,C003
U4340,C002
U1767,C004
U3572,C012
U1920,C006
U3815,C009
U0203,C006
U0171,C008
U1244,C003
U2878,C006
U0516,C005
U0541,C011
U0295,C003
U4103,C010
U0942,C010
U1982,C002
U0875,C004
U3769,C010
U3651,C005
U3720,C004
U1973,C006
U1526,C002
U0586,C009
U3311,C006
U4524,C011
U3697,C003
U4405,C002
U1990,C010
U0430,C003
U4652,C005
U0455,C011
U3096,C011
U3531,C009
U1603,C006
U1844,C002
U1031,C006
U3554,C006
U0324,C007
U0050,C011
U4707,C004
U1197,C002
U2043,C005
U1441,C010
U4889,C006
U1631,C005
U2316,C001
U3128,C012
U1715,C009
U1522,C004
U4626,C012
U0730,C009
U0591,C012
U0705,C003
U3963,C001
U4346,C005
U4265,C008
U1845,C006
U3490,C008
U3967,C003
U3234,C002
U2468,C001
U2186,C002
U1007,C008
U3729,C011
U4933,C006
U3959,C011
U2933,C007
U3873,C007
U4775,C001
U0843,C010
U1193,C002
U2048,C008
U3043,C008
U4068,C002
U4128,C006
U3823,C002
U3912,C004
U1601,C009
U0671,C005
U2744,C010
U3012,C008
U1141,C001
U2846,C010
U4988,C004
U1189,C007
U0243,C005
U4698,C008
U3635,C001
U2117,C011
U3853,C006
U2702,C010
U4578,C005
U2950,C003
U2697,C003
U3546,C008
U2161,C005
U3439,C008
U0496,C005
U3382,C009
U0960,C006
U1975,C005
U4841,C006
U3619,C003
U3489,C001
U2900,C003
U4496,C012
U3041,C012
U3992,C011
U3962,C006
U1317,C009
U3542,C004
U2466,C005
U1621,C002
U4078,C009
U1088,C006
U1085,C005
U3888,C012
U0443,C001
U3485,C004
U1273,C004
U3940,C003
U4746,C001
U3321,C009
U2962,C003
U3565,C004
U4179,C011
U4302,C011
U1532,C011
U0116,C012
U1001,C012
U3067,C007
U2313,C010
U4909,C011
U2272,C005
U2367,C003
U4555,C001
U4605,C010
U1194,C008
U1472,C005
U4842,C004
U4224,C007
U2194,C011
U0026,C002
U1155,C007
U0652,C004
U1356,C005
U4397,C006
U4964,C012
U2063,C001
U0774,C004
U4771,C007
U0076,C006
U4023,C001
U3060,C009
U1176,C005
U2611,C006
U1645,C002
U1079,C002
U3018,C003
U2862,C009
U0571,C008
U3654,C003
U1359,C011
U1808,C011
U4291,C004
U4434,C009
U4728,C008
U0651,C004
U4903,C005
U2704,C010
U1983,C012
U1693,C006
U0202,C012
U1319,C003
U3205,C009
U1890,C003
U1980,C011
U3294,C004
U2784,C012
U1417,C011
U1670,C011
U3943,C004
U0927,C009
U2459,C006
U0164,C002
U2492,C012
U1150,C010
U2126,C004
U1026,C012
U3865,C007
U1278,C012
U3520,C006
U4830,C007
U3330,C003
U4167,C008
U1325,C002
U4448,C004
U0352,C010
U3597,C001
U3864,C005
U2911,C005
U3868,C012
U2135,C009
U3706,C005
U1455,C004
U1364,C011
U2257,C009
U2092,C007
U1923,C008
U4365,C011
U4003,C011
U3442,C011
U0074,C001
U1165,C002
U1404,C001
U1577,C005
U0168,C010
U3705,C010
U2137,C008
U3466,C010
U2338,C006
U1633,C002
U0036,C002
U0411,C011
U4675,C009
U1528,C001
U3527,C008
U1377,C006
U3934,C006
U0585,C001
U2201,C006
U4751,C001
U2827,C003
U0107,C010
U0395,C002
U1993,C003
U2796,C006
U0918,C003
U4350,C003
U4536,C001
U3467,C006
U0798,C008
U2912,C009
U0106,C001
U2345,C010
U0329,C012
U2078,C007
U2532,C012
U0808,C010
U1254,C012
U4148,C010
U4954,C008
U0691,C006
U3027,C011
U4918,C004
U1236,C012
U3425,C001
U0707,C002
U4310,C004
U3612,C012
U3475,C012
U1017,C012
U3235,C010
U3221,C003
U4391,C003
U1669,C006
U3826,C004
U2216,C004
U4998,C011
U4222,C001
U0802,C007
U0133,C008
U4161,C005
U4916,C007
U0683,C011
U1566,C002
U3030,C009
U0590,C008
U3026,C007
U2834,C003
U4218,C005
U2584,C008
U0233,C003
U3758,C006
U4450,C001
U1371,C001
U0989,C012
U2062,C006
U2671,C005
U4642,C007
U1985,C011
U1795,C006
U0777,C011
U2415,C003
U2957,C007
U1972,C008
U3887,C005
U0827,C012
U3419,C009
U0887,C008
U1801,C012
U0014,C004
U4556,C006
U3583,C005
U3241,C007
U1362,C009
U1136,C012
U1070,C004
U4299,C012
U0111,C002
U4670,C002
U2727,C012
U0394,C003
U2159,C012
U0710,C006
U4622,C011
U4300,C005
U2465,C002
U2053,C004
U0357,C012
U4817,C005
U3777,C006
U4779,C010
U4994,C006
U2785,C006
U0771,C012
U2655,C002
U4311,C002
U2057,C004
U4381,C002
U0319,C004
U1206,C003
U4563,C012
U4382,C008
U0479,C006
U4635,C003
U2266,C010
U3334,C010
U0084,C012
U3137,C001
U2157,C001
U0426,C007
U3008,C001
U0811,C009
U1468,C004
U4112,C001
U2177,C002
U4582,C005
U3821,C001
U3164,C012
U3688,C006
U1321,C001
U1279,C011
U1252,C007
U4498,C008
U4190,C003
U4762,C008
U1928,C005
U2608,C007
U1708,C003
U2627,C003
U4279,C012
U0047,C008
U3994,C004
U1565,C005
U4111,C011
U4885,C003
U0513,C001
U1953,C012
U1271,C009
U1443,C004
U4359,C003
U1882,C009
U4946,C004
U2460,C001
U4570,C004
U2069,C010
U4689,C007
U3804,C001
U3801,C007
U0888,C011
U0004,C006
U4700,C002
U2233,C003
U1569,C009
U3165,C007
U2881,C003
U3110,C012
U0847,C002
U2752,C002
U3223,C011
U1758,C011
U3411,C005
U0616,C011
U0584,C007
U0558,C001
U1958,C009
U3014,C001
U1456,C003
U2346,C010
U4827,C012
U4015,C012
U1386,C012
U4307,C003
U4600,C007
U1689,C012
U0612,C006
U1749,C007
U1908,C007
U0034,C005
U4547,C008
U0625,C010
U0581,C002
U4686,C005
U3991,C009
U0427,C012
U3244,C008
U2742,C010
U1793,C002
U1804,C012
U2327,C011
U4548,C003
U1048,C009
U4592,C004
U4118,C012
U2590,C005
U1444,C006
U0597,C004
U1947,C011
U2710,C011
U1034,C002
U3598,C004
U4051,C010
U1438,C004
U0687,C004
U4019,C003
U3414,C012
U4342,C001
U0179,C005
U4014,C006
U1313,C002
U4261,C007
U2604,C011
U0816,C008
U3239,C001
U1289,C004
U2202,C012
U4473,C003
U2499,C009
U4682,C006
U2383,C009
U4276,C002
U0554,C005
U2167,C010
U0697,C004
U2810,C012
U4056,C012
U4815,C009
U1195,C008
U1343,C007
U2018,C002
U3958,C011
U1135,C009
U3049,C001
U4683,C008
U0276,C010
U0906,C006
U1445,C002
U2045,C006
U0600,C003
U0230,C007
U0450,C001
U0372,C011
U4097,C005
U3040,C006
U0227,C008
U2271,C010
U0832,C008
U2175,C006
U4389,C004
U0794,C001
U1571,C001
U2150,C010
U4982,C003
U2376,C001
U0709,C005
U4233,C002
U3374,C003
U0091,C005
U3397,C006
U4408,C012
U2781,C012
U2851,C012
U3202,C004
U2246,C012
U2179,C007
U3347,C003
U3328,C012
U1490,C006
U4089,C006
U4398,C009
U1161,C009
U0454,C002
U0440,C005
U4598,C008
U4638,C001
U3839,C012
U1635,C008
U2640,C005
U0506,C007
U0442,C006
U4464,C001
U2956,C007
U4513,C004
U4572,C009
U4883,C002
U0278,C006
U0525,C006
U4109,C001
U3589,C008
U1632,C009
U2147,C012
U3516,C007
U1778,C012
U3462,C011
U4948,C010
U4758,C002
U2624,C010
U2486,C004
U1825,C006
U2865,C010
U1345,C003
U1105,C009
U2451,C003
U4538,C009
U3545,C001
U0863,C005
U3623,C012
U0122,C002
U2178,C012
U2166,C008
U1919,C005
U4234,C003
U3551,C006
U3444,C011
U0933,C005
U3093,C005
U2609,C010
U1003,C005
U0013,C005
U3179,C001
U2849,C007
U2437,C003
U4514,C006
U1588,C002
U0266,C010
U0955,C009
U3285,C005
U4059,C002
U2205,C008
U1752,C006
U4000,C003
U2985,C007
U4639,C011
U1534,C004
U0186,C008
U4253,C012
U0363,C006
U1907,C008
U4649,C006
U2361,C012
U4321,C005
U3203,C008
U4939,C012
U2892,C006
U2546,C006
U4054,C011
U3884,C011
U1422,C007
U2458,C010
U4818,C009
U0882,C004
U3390,C007
U2212,C006
U2334,C008
U3701,C003
U2333,C001
U0618,C001
U2305,C006
U0183,C004
U2410,C003
U2989,C011
U4601,C011
U4838,C002
U2037,C003
U2000,C009
U2480,C012
U3920,C001
U2297,C001
U3075,C011
U0676,C001
U0417,C007
U3616,C001
U0117,C002
U2190,C012
U2871,C012
U2096,C012
U2027,C012
U1680,C004
U2540,C011
U4403,C003
U1582,C007
U4836,C011
U1598,C006
U2789,C004
U3122,C008
U0595,C002
U1550,C005
U4906,C008
U0835,C004
U1316,C010
U4050,C001
U3561,C012
U0194,C011
U1786,C006
U3150,C008
U0302,C010
U2436,C002
U4257,C008
U0799,C012
U2961,C001
U2446,C003
U1078,C005
U3674,C004
U3459,C004
U0253,C004
U3919,C007
U4384,C011
U0934,C005
U4133,C007
U2676,C007
U2112,C012
U1724,C012
U3183,C004
U3505,C002
U0980,C006
U2099,C003
U2554,C004
U1137,C011
U4853,C010
U3982,C010
U4242,C007
U0626,C010
U3791,C001
U4462,C008
U0749,C004
U0432,C003
U2088,C011
U0876,C006
U1950,C002
U4351,C005
U0886,C003
U3965,C008
U2228,C009
U4789,C006
U1521,C012
U1974,C008
U2425,C008
U2739,C007
U3153,C007
U1477,C009
U4399,C001
U0480,C012
U1171,C003
U2220,C003
U1355,C006
U4676,C010
U3740,C008
U1143,C005
U2104,C010
U1442,C008
U0419,C004
U4100,C012
U3232,C012
U3827,C001
U1096,C001
U4166,C003
U2576,C011
U3402,C008
U1537,C005
U1881,C007
U4655,C009
U1574,C003
U2169,C001
U4609,C009
U2754,C009
U0549,C011
U4643,C011
U0437,C006
U4553,C009
U0997,C012
U3795,C005
U2605,C010
U4944,C010
U0733,C012
U3275,C004
U0121,C011
U3946,C009
U3277,C012
U0238,C011
U4874,C001
U4656,C001
U0559,C008
U1286,C012
U0757,C006
U4183,C004
U3633,C004
U2859,C003
U0617,C010
U4262,C012
U1008,C005
U2030,C002
U1970,C002
U4226,C003
U1272,C012
U3849,C005
U0685,C009
U3687,C007
U3968,C009
U3121,C012
U3909,C011
U4210,C009
U3077,C012
U4313,C011
U3427,C006
U0224,C012
U1684,C004
U4160,C012
U4079,C006
U4733,C006
U1072,C010
U3907,C012
U3683,C008
U4268,C010
U4951,C009
U2695,C001
U2861,C008
U4976,C012
U1086,C012
U4211,C004
U3910,C005
U2564,C001
U2154,C011
U0200,C001
U4612,C009
U2203,C007
U3941,C003
U0805,C002
U3721,C001
U3825,C004
U1308,C010
U1673,C006
U0948,C008
U2979,C001
U0801,C001
U3272,C010
U0823,C003
U1280,C006
U3477,C010
U2978,C008
U3784,C007
U3728,C001
U3440,C003
U1903,C011
U0657,C007
U4593,C004
U0577,C006
U3222,C012
U2240,C011
U1876,C012
U2523,C007
U0938,C012
U1109,C004
U0167,C004
U1527,C001
U2071,C004
U2276,C011
U0613,C005
U3582,C004
U3766,C001
U3393,C012
U2755,C006
U3208,C001
U1452,C006
U0201,C001
U0633,C012
U4165,C011
U2115,C003
U1774,C005
U3879,C007
U0384,C002
U1324,C002
U3344,C002
U3145,C009
U3782,C005
U2811,C001
U1047,C007
U3797,C012
U4684,C009
U0463,C012
U0137,C006
U1885,C008
U4412,C008
U4176,C006
U1838,C006
U0512,C004
U0458,C003
U3491,C010
U4632,C011
U0182,C005
U2748,C007
U3472,C009
U3271,C011
U0699,C009
U3231,C008
U2897,C012
U3102,C011
U3809,C006
U0905,C012
U2601,C008
U0453,C009
U2028,C010
U2919,C009
U2856,C007
U0418,C003
U3722,C004
U3506,C009
U4304,C012
U4318,C007
U0812,C006
U1104,C012
U2256,C010
U2283,C006
U2189,C012
U0342,C002
U2934,C001
U2714,C006
U0242,C007
U2100,C012
U0085,C012
U2510,C008
U1397,C011
U3410,C011
U4583,C006
U4480,C001
U1514,C008
U3053,C003
U3610,C004
U4566,C012
U2144,C003
U3738,C010
U0894,C002
U3672,C003
U2401,C010
U4968,C010
U2656,C008
U2650,C012
U4763,C003
U1874,C009
U1829,C005
U4510,C008
U4963,C010
U3056,C006
U0130,C010
U0217,C012
U4854,C005
U4411,C005
U0286,C002
U2139,C003
U4800,C003
U4847,C011
U2525,C005
U1978,C004
U3911,C004
U1000,C008
U3779,C003
U2039,C007
U1368,C011
U1542,C004
U3696,C007
U4251,C010
U3322,C011
U1745,C004
U1396,C001
U0725,C003
U0015,C004
U3571,C005
U2281,C004
U4101,C005
U4195,C006
U1824,C008
U3003,C005
U2637,C008
U2357,C011
U1419,C001
U2349,C004
U0469,C006
U0066,C007
U4277,C007
U3756,C011
U3673,C001
U4323,C003
U3951,C006
U0579,C006
U2922,C011
U1101,C012
U0460,C002
U1330,C006
U3655,C009
U2973,C008
U4660,C012
U1957,C009
U3869,C009
U3498,C005
U4197,C001
U1268,C001
U2589,C011
U4134,C005
U3245,C008
U2325,C005
U4543,C012
U3481,C002
U4645,C002
U0389,C003
U4692,C001
U3841,C006
U2821,C009
U2404,C008
U1392,C003
U1127,C011
U1351,C012
U2674,C001
U2396,C007
U2749,C005
U4734,C007
U0132,C007
U2119,C009
U1125,C008
U0170,C007
U3749,C010
U1720,C002
U4773,C002
U4554,C002
U0602,C008
U3848,C010
U0361,C012
U3176,C012
U0518,C002
U2307,C004
U2683,C006
U4506,C012
U4739,C011
U4523,C004
U4178,C012
U1446,C007
U3750,C011
U2348,C006
U4319,C004
U1899,C005
U4973,C005
U0020,C012
U4080,C006
U3611,C010
U3783,C002
U2843,C003
U0552,C006
U4415,C004
U3194,C010
U0511,C008
U4404,C007
U4343,C004
U0263,C005
U4992,C011
U1705,C001
U0517,C006
U3851,C007
U3917,C010
U1415,C008
U0285,C005
U2303,C005
U1081,C011
U3135,C009
U1041,C001
U3065,C006
U1783,C011
U2896,C002
U1090,C007
U0006,C007
U4213,C007
U1153,C002
U4105,C003
U3605,C012
U1931,C007
U0449,C003
U1692,C012
U1713,C005
U4204,C008
U4469,C003
U0232,C009
U0445,C008
U1921,C007
U0127,C004
U4497,C011
U1655,C011
U3104,C010
U4717,C007
U2245,C003
U3562,C012
U0365,C012
U1333,C010
U0405,C012
U1226,C012
U2581,C009
U2118,C001
U2684,C011
U0311,C009
U2369,C002
U1810,C007
U2667,C003
U3837,C008
U2393,C007
U2561,C001
U2488,C008
U4352,C012
U4614,C007
U4090,C010
U3814,C008
U1850,C002
U1005,C003
U1224,C005
U1611,C004
U1932,C009
U4237,C004
U1740,C003
U2764,C010
U2199,C004
U1665,C004
U4989,C002
U1755,C009
U0408,C007
U0853,C006
U4564,C003
U4129,C011
U3180,C003
U3990,C003
U4724,C011
U0103,C007
U0656,C003
U0157,C001
U0504,C011
U1074,C002
U4208,C006
U3195,C007
U0872,C008
U4770,C008
U3511,C001
U3778,C004
U2730,C002
U2372,C008
U0386,C011
U2673,C001
U0018,C004
U3422,C001
U4063,C005
U3274,C002
U0788,C006
U2450,C004
U3789,C003
U1019,C004
U0910,C002
U4185,C004
U4831,C004
U0782,C012
U2354,C001
U0339,C003
U2107,C010
U1436,C011
U2828,C012
U4913,C008
U2491,C008
U1732,C002
U3723,C011
U2610,C008
U2928,C005
U3289,C010
U1228,C011
U2263,C011
U2544,C006
U3335,C002
U0911,C004
U2506,C005
U1798,C010
U3892,C005
U4294,C006
U4487,C010
U4969,C007
U3925,C001
U4648,C010
U1186,C008
U4867,C005
U4095,C006
U4489,C004
U2870,C008
U2968,C002
U1688,C006
U1918,C003
U3160,C003
U0347,C010
U3985,C010
U3082,C008
U3813,C006
U3095,C005
U1679,C007
U1608,C011
U2965,C008
U1060,C011
U3617,C011
U0231,C011
U4721,C012
U0435,C010
U4618,C011
U4263,C007
U0245,C012
U3000,C003
U2289,C007
U2974,C001
U2253,C010
U1314,C007
U0320,C011
U2729,C012
U2879,C004
U0660,C006
U2001,C012
U1504,C001
U3806,C007
U1480,C010
U0246,C005
U1545,C001
U3124,C009
U3772,C011
U0439,C006
U3932,C002
U1626,C002
U2864,C012
U0403,C012
U1225,C005
U2772,C010
U0722,C002
U1896,C007
U2232,C010
U0156,C004
U1087,C005
U1457,C011
U3260,C008
U4595,C001
U3870,C012
U0108,C003
U2682,C010
U4477,C006
U3847,C009
U2998,C003
U4096,C010
U2210,C002
U3236,C009
U4699,C012
U2678,C010
U0684,C011
U0913,C007
U1002,C003
U2464,C008
U0196,C003
U4823,C002
U1454,C009
U0114,C011
U1727,C001
U2970,C012
U1167,C006
U1817,C005
U0975,C008
U0729,C011
U1694,C001
U3039,C006
U2835,C009
U3200,C001
U4590,C012
U4072,C010
U3175,C008
U4292,C007
U3579,C004
U0849,C007
U2145,C010
U0675,C009
U0858,C003
U1470,C008
U3268,C012
U3669,C010
U0096,C001
U1991,C003
U2840,C005
U4895,C004
U0483,C003
U3198,C001
U3487,C004
U4837,C002
U4472,C007
U2292,C010
U2773,C009
U2675,C008
U1027,C007
U4018,C012
U0271,C010
U4188,C001
U0147,C007
U1912,C012
U2408,C003
U3407,C009
U3038,C001
U1261,C007
U0557,C004
U1851,C012
U1604,C004
U2239,C008
U0593,C001
U4344,C012
U4289,C006
U4435,C012
U2578,C002
U2920,C002
U4668,C002
U4884,C007
U3689,C005
U1238,C003
U4970,C003
U1674,C002
U1563,C007
U3997,C011
U2121,C008
U4402,C002
U0703,C012
U1073,C003
U3080,C012
U2992,C001
U0837,C001
U0904,C003
U3301,C010
U4849,C006
U0398,C011
U4560,C009
U1449,C004
U3215,C003
U0481,C005
U2258,C011
U0213,C005
U2940,C003
U4932,C012
U1790,C007
U0503,C012
U1033,C002
U2490,C010
U4879,C005
U2497,C009
U4845,C004
U3266,C010
U0392,C010
U4337,C002
U2782,C012
U2364,C003
U2850,C012
U4081,C006
U4613,C007
U3660,C008
U1951,C008
U4478,C006
U0587,C001
U2023,C010
U0859,C003
U0601,C009
U4953,C004
U3353,C012
U2738,C007
U1346,C005
U2593,C007
U3225,C003
U2467,C006
U4517,C004
U2122,C004
U3913,C012
U2728,C010
U4527,C007
U0490,C002
U2668,C011
U3822,C010
U1309,C004
U4312,C001
U4534,C008
U3192,C007
U3591,C006
U4144,C007
U2918,C011
U3013,C012
U0207,C010
U2839,C007
U3341,C006
U1897,C005
U0181,C010
U2599,C001
U0897,C003
U3032,C003
U2418,C003
U4007,C007
U0236,C006
U0136,C003
U3843,C010
U2244,C007
U1699,C008
U3461,C007
U4126,C007
U2931,C002
U2929,C004
U4945,C009
U0907,C004
U2666,C004
U2692,C003
U2090,C009
U2142,C011
U1220,C008
U1543,C006
U3269,C003
U1842,C006
U1753,C010
U0852,C010
U2963,C009
U0992,C007
U4829,C008
U0744,C011
U1246,C006
U3189,C009
U0327,C006
U2352,C002
U2052,C008
U4070,C005
U3690,C006
U3574,C006
U0606,C002
U2487,C003
U3436,C010
U3971,C008
U3131,C011
U3351,C010
U2636,C008
U0631,C004
U4347,C003
U3767,C012
U2889,C003
U2837,C009
U4273,C009
U3349,C005
U2319,C008
U3788,C001
U4937,C009
U3930,C010
U1202,C012
U1501,C012
U2528,C002
U3763,C003
U4155,C005
U4959,C005
U2826,C002
U2994,C010
U4420,C002
U3364,C004
U4880,C003
U0708,C005
U3339,C007
U0336,C009
U0308,C004
U0021,C005
U1182,C006
U0090,C005
U0377,C001
U0624,C011
U0964,C009
U2478,C011
U4122,C001
U0056,C002
U0215,C011
U4597,C010
U4216,C002
U4373,C006
U1508,C011
